time,question,found_answer
2026-10-09 15:18,What are Dalah's technical skills?,True
2026-10-09 15:19,What is Dalah's education?,True
2026-10-09 15:23,What are Dalah's technical skills?,True
2026-10-09 15:23,What is Dalah's education?,True
2026-10-09 15:24,What is Dalah's capstone project?,True
2026-10-09 15:26,What is Dalah's capstone project,True
2026-10-09 15:27,What is Dalah's capstone project?,True
2026-10-09 15:28,What is Dalah's Capstone Project?,True
2026-10-09 15:29,What is Dalah's Olist Delivery Delay Prediction?,True
2026-10-09 15:30,What is Dalah's Olist Delivery Delay Prediction project?,True
2026-10-09 15:30,Did Dalah participate in the AI Hackathon U-TEACH LEAGUE?,True
2026-10-09 15:31,What does Dalah's LinkedIn say about her skills?,True
2026-10-09 16:55,Did Dalah participate in the AI Hackathon U-TEACH LEAGUE?,True
2026-10-09 16:56,Did Dalah participate in the AI Hackathon U-TEACH LEAGUE,True
2026-10-09 16:56,and what she study?,True
2026-10-09 16:57,in which year she graduated?,False
2026-10-09 16:58,Did Dalah participate in the AI Hackathon U-TEACH LEAGUE,True
2026-10-09 16:59,in which year?,True
2026-10-09 16:59,What is Dalah's education?,True
2026-10-09 16:59,and in which year she graduated?,True
2026-10-09 17:00,and in which year?,False
2026-10-09 17:00,What are Dalah's technical skills?,True
2026-10-09 17:01,and what project she work on?,True
2026-10-09 17:02,and project in github?,True
2026-10-09 17:03,and what other project on github?,True
2026-10-09 17:05,Where has Dalah worked or interned?,True
2026-10-09 17:44,Where has Dalah worked or interned?,True
